use QLNH
go

INSERT INTO CongViec (TenCV, Luong)
VALUES
    (N'Quản lý nhà hàng', 15000000),
    (N'Nhân viên phục vụ', 5000000),
    (N'Đầu bếp', 10000000),
    (N'Thu ngân', 8000000),
    (N'Quản lý kho', 9000000),
    (N'Nhân viên pha chế', 7500000),
    (N'Nhân viên lễ tân', 9000000);

INSERT INTO NhanVien (HoNV, TenNV, NgaySinh, GioiTinh, DiaChi, SDT, NgayTD, MaNQL, MaCV)
VALUES
    (N'Nguyễn Văn', N'Anh', '1990-01-15', N'Nam', N'123 Đường A, TP HCM', '0988555666', '2020-02-15', 1, 1),
    (N'Trần Thế', N'Bình', '1995-05-20', N'Nam', N'456 Đường B, TP HCM', '0987333321', '2022-03-20', 1, 2),
    (N'Lê Mỹ', N'Hương', '1993-07-10', N'Nữ', N'789 Đường C, TP HCM', '0744432109', '2022-04-10', 1, 2),
    (N'Phạm Minh', N'Dũng', '1998-03-25', N'Nam', N'101 Đường D, TP HCM', '0942165498', '2022-05-25', 1, 2),
    (N'Nguyễn Thị', N'Thu', '1994-12-30', N'Nữ', N'234 Đường E, TP HCM', '0912345678', '2022-06-30', 1, 2),
    (N'Trần Thế', N'Minh', '1991-08-05', N'Nam', N'567 Đường F, TP HCM', '0365333412', '2022-07-05', 1, 3),
    (N'Lê Thành', N'Nam', '1997-09-18', N'Nam', N'890 Đường G, TP HCM', '0888777666', '2022-08-18', 1, 3),
    (N'Phạm Như', N'Thảo', '1996-06-22', N'Nữ', N'123 Đường H, TP HCM', '0952345675', '2022-09-22', 1, 3),
    (N'Hoàng Minh', N'Nhật', '1992-04-14', N'Nam', N'456 Đường I, TP HCM', '0725432109', '2022-10-14', 1, 4),
	(N'Nguyễn Diễm', N'My', '1992-05-15', N'Nữ', N'123 Đường A, TP HCM', '0988764666', '2022-04-15', 1, 4),
    (N'Trần Anh', N'Ý', '1993-08-20', N'Nữ', N'456 Đường B, TP HCM', '0987654321', '2022-10-20', 1, 5),
    (N'Lê Diệu', N'Hương', '1993-10-10', N'Nữ', N'789 Đường C, TP HCM', '0765432109', '2022-04-10', 1, 6),
    (N'Phạm Đình', N'Đạt', '1998-03-25', N'Nam', N'101 Đường D, TP HCM', '0942124398', '2022-11-25', 1, 6),
    (N'Nguyễn Thu', N'Thảo', '1992-06-30', N'Nữ', N'234 Đường E, TP HCM', '0916665678', '2022-06-30', 1, 7),
    (N'Trần Quý', N'Thương', '1994-09-05', N'Nam', N'567 Đường F, TP HCM', '0365987412', '2022-07-05', 1, 7); 

INSERT INTO CaLamViec (GioBD, GioKT)
VALUES
    ('06:00:00', '10:00:00'),
    ('10:00:00', '14:00:00'),
    ('14:00:00', '18:00:00'),
    ('18:00:00', '22:00:00');

INSERT INTO NhaCungCap (TenNCC, DiaChi, SDT)
VALUES
    (N'Công ty A', N'123 Đường X, TP HCM', '0123456789'),
    (N'Công ty B', N'456 Đường Y, TP HCM', '0987654321'),
    (N'Công ty C', N'789 Đường Z, TP HCM', '0765432109'),
    (N'Công ty D', N'101 Đường W, TP HCM', '0321654987'),
    (N'Công ty E', N'234 Đường U, TP HCM', '0812345678'),
    (N'Công ty F', N'567 Đường V, TP HCM', '0465987412'),
    (N'Công ty G', N'890 Đường T, TP HCM', '0288777666'),
    (N'Công ty H', N'123 Đường S, TP HCM', '0512345678'),
    (N'Công ty I', N'456 Đường R, TP HCM', '0665432109'),
    (N'Công ty J', N'789 Đường Q, TP HCM', '0311654987');

INSERT INTO NguyenLieu (TenNL, DonViTinh, SoLuong, MaNVQL, SLTonKho)
VALUES
    (N'Thịt bò', 'Kg', 100, 5, 50),
    (N'Cải thìa', 'Kg', 100, 5, 50),
    (N'Mì tôm', 'Gói', 200, 5, 100),
    (N'Bột bắp', 'Gói', 100, 5, 50),
    (N'Thịt heo', 'Kg', 100, 5, 60),
    (N'Tôm', 'Kg', 50, 5, 20),
    (N'Bún tươi', 'Kg', 80, 5, 50),
    (N'Bánh tráng', 'Kg', 40, 5, 20),
    (N'Bột bánh mì', 'Kg', 60, 5, 30),
    (N'Bơ', 'Kg', 90, 5, 30),
	(N'Sữa tươi', 'Lít', 80, 5, 30),
    (N'Phở', 'Kg', 60, 5, 20),
	(N'Hành tây', 'Củ', 70, 5, 30),
    (N'Gà', 'Kg', 90, 5, 40),
	(N'Gạo', 'Kg', 70, 5, 30),
    (N'Cua', 'Kg', 100, 5, 60),
	(N'Giò', 'Kg', 100, 5, 50),
	(N'Mực', 'Kg', 100, 5, 60),
    (N'Trứng gà', 'Quả', 100, 5, 50),
	(N'Đậu hũ', 'Kg', 70, 5, 30),
    (N'Cà chua', 'Kg', 100, 5, 60),
	(N'Hành lá', 'Kg', 100, 5, 50);

INSERT INTO DonNhapTP (NgNhap, GiaTien, MaNV)
VALUES
    ('2023-01-13 08:30:00', 730000, 1),
    ('2023-02-20 09:45:00', 660000, 1),
    ('2023-02-10 10:15:00', 570000, 1);

INSERT INTO CTDonNhap (MaDon, MaNL, SoLuong)
VALUES
    (1, 1, 100000),
	(1, 2, 100000),
	(1, 3, 200000),
	(1, 4, 100000),
	(1, 5, 100000),
	(1, 6, 50000),
	(1, 7, 80000),
    (2, 8, 40000),
	(2, 9, 60000),
	(2, 10, 90000),
	(2, 11, 80000),
	(2, 12, 60000),
	(2, 13, 70000),
	(2, 14, 90000),
	(2, 15, 70000),
	(2, 16, 100000),
	(3, 17, 100000),
	(3, 18, 100000),
	(3, 19, 100000),
	(3, 20, 70000),
	(3, 21, 100000),
	(3, 22, 100000);

INSERT INTO KhachHang (TenKH, GioiTinh, DiemTL, DiaChi, SDT)
VALUES
    (N'Nguyễn Minh Khánh', N'Nam', 100, N'Long An', '0976444555'),
    (N'Phan Minh Thuận', N'Nam', 150, N'Bình Định', '0987888666'),
    (N'Trần Quý Thương', N'Nam', 200, N'Quãng Ngãi', '0943888555'),
    (N'Võ Đức Toàn', N'Nam', 90, N'Nha Trang', '0963770567');   

INSERT INTO SanPham (TenSP, DonGia)
VALUES
    (N'Mì xào', 35000),
    (N'Gỏi cuốn', 25000),
    (N'Bánh mì sandwich', 45000),
    (N'Phở bò', 40000),
    (N'Cơm gà', 30000),
    (N'Bún riêu cua', 35000);

INSERT INTO BanAn (LoaiBan, SoNguoi)
VALUES
    (N'Bàn 2 người', 2),
    (N'Bàn 4 người', 4),
    (N'Bàn 6 người', 6),
    (N'Bàn 8 người', 8),
    (N'Bàn 10 người', 10),
    (N'Bàn Vip 2 người', 2),
    (N'Bàn Vip 4 người', 4),
    (N'Bàn Vip 6 người', 6),
    (N'Bàn Vip 8 người', 8),
    (N'Bàn Vip 10 người', 10);

INSERT INTO HoaDon (ThoiGian, TrangThai, TriGiaHD, MaKH, MaNV, MaBan)
VALUES
    ('2023-01-15 08:30:00', N'Hoàn thành', 120000, 1, 9, 1),
    ('2023-02-20 09:45:00', N'Hoàn thành', 250000, 1, 9, 2),
    ('2023-03-10 10:15:00', N'Hoàn thành', 195000, 1, 9, 3),
    ('2023-04-25 11:30:00', N'Hoàn thành', 160000, 1, 9, 4),
    ('2023-05-30 12:45:00', N'Hoàn thành', 115000, 2, 9, 5),
    ('2023-06-05 14:00:00', N'Hoàn thành', 160000, 2, 9, 1),
    ('2023-07-18 15:15:00', N'Hoàn thành', 205000, 2, 10, 2),
    ('2023-08-22 16:30:00', N'Hoàn thành', 120000, 2, 10, 3),
    ('2023-09-14 17:45:00', N'Hoàn thành', 220000, 3, 10, 4),
    ('2023-10-08 18:00:00', N'Hoàn thành', 195000, 3, 10, 5),
	('2023-01-14 17:45:00', N'Chưa thanh toán', 100000, 3, 10, 4),
    ('2023-02-08 18:00:00', N'Hoàn thành', 250000, 3, 10, 5),
	('2023-03-14 17:45:00', N'Hoàn thành', 140000, 3, 10, 4),
    ('2023-04-08 18:00:00', N'Hoàn thành', 125000, 3, 10, 5),
	('2023-05-14 17:45:00', N'Hoàn thành', 95000, 4, 10, 4),
    ('2023-06-08 18:00:00', N'Hoàn thành', 110000, 4, 10, 5),
	('2023-07-14 17:45:00', N'Hoàn thành', 180000, 4, 10, 4),
    ('2023-08-08 18:00:00', N'Hoàn thành', 85000, 4, 10, 5),
	('2023-09-14 17:45:00', N'Hoàn thành', 155000, 4, 10, 4),
	('2023-09-14 17:45:00', N'Hoàn thành', 155000, 4, 10, 4);

INSERT INTO ChiTietHD (MaHD, MaSP, SoLuong)
VALUES
    (1, 1, 2),
	(1, 2, 2),
    (2, 3, 2),
	(2, 4, 4),
    (3, 5, 3),
    (3, 6, 3),
    (4, 1, 2),
    (4, 3, 2),
    (5, 2, 3),
    (5, 4, 1),
    (6, 3, 2),
	(6, 6, 2),
	(7, 1, 2),
    (7, 2, 3),
	(8, 2, 3),
    (8, 3, 1),
    (9, 4, 4),
    (9, 5, 2),
    (10, 3, 2),
    (10, 6, 3),
    (11, 5, 1),
    (11, 6, 2),
    (12, 3, 2),
	(12, 4, 4),
	(13, 2, 2),
    (13, 5, 3),
    (14, 3, 1),
    (14, 4, 2),
    (15, 1, 2),
	(15, 4, 2),
	(16, 2, 1),
    (16, 6, 2),
    (17, 1, 2),
	(17, 4, 1),
	(18, 3, 2),
    (18, 5, 3),
    (19, 2, 1),
    (19, 5, 2),
    (20, 2, 3),
	(20, 4, 2);

INSERT INTO PhanCa (MaNV, MaCa, Ngay)
VALUES
    (1, 1, '2023-01-15'),
    (2, 2, '2023-01-20'),
    (3, 3, '2023-02-10'),
    (4, 4, '2023-04-25'),
    (5, 1, '2023-05-30'),
    (6, 2, '2023-06-05'),
    (7, 3, '2023-07-18'),
    (8, 4, '2023-08-22'),
    (9, 3, '2023-09-14'),
    (10, 2, '2023-10-08'),
	(11, 1, '2023-11-14'),
    (12, 4, '2023-12-08'),
	(13, 1, '2023-05-18'),
	(14, 1, '2023-05-24'),
    (15, 3, '2023-09-05');

INSERT INTO CTNgLieu (MaNL, MaNCC, GiaTienNL)
VALUES
    (1, 1, 1000),
    (1, 2, 1000),
    (1 ,3, 1000),
    (1, 4, 1000),
    (1, 5, 1000),
    (1, 6, 1000),
    (1, 7, 1000),
    (1, 8, 1000),
    (1, 9, 1000),
    (1, 10, 1000),
	(2, 1, 1000),
    (2, 2, 1000),
    (2 ,3, 1000),
    (2, 4, 1000),
    (2, 5, 1000),
    (2, 6, 1000),
    (2, 7, 1000),
    (2, 8, 1000),
    (2, 9, 1000),
    (2, 10, 1000),
	(3, 1, 1000),
    (3, 2, 1000),
    (3 ,3, 1000),
    (3, 4, 1000),
    (3, 5, 1000),
    (3, 6, 1000),
    (3, 7, 1000),
    (3, 8, 1000),
    (3, 9, 1000),
    (3, 10, 1000),
	(4, 1, 1000),
    (4, 2, 1000),
    (4 ,3, 1000),
    (4, 4, 1000),
    (4, 5, 1000),
    (4, 6, 1000),
    (4, 7, 1000),
    (4, 8, 1000),
    (4, 9, 1000),
    (4, 10, 1000),
	(5, 1, 1000),
    (5, 2, 1000),
    (5 ,3, 1000),
    (5, 4, 1000),
    (5, 5, 1000),
    (5, 6, 1000),
    (5, 7, 1000),
    (5, 8, 1000),
    (5, 9, 1000),
    (5, 10, 1000),
	(6, 1, 1000),
    (6, 2, 1000),
    (6 ,3, 1000),
    (6, 4, 1000),
    (6, 5, 1000),
    (6, 6, 1000),
    (6, 7, 1000),
    (6, 8, 1000),
    (6, 9, 1000),
    (6, 10, 1000),
	(7, 1, 1000),
    (7, 2, 1000),
    (7, 3, 1000),
    (7, 4, 1000),
    (7, 5, 1000),
    (7, 6, 1000),
    (7, 7, 1000),
    (7, 8, 1000),
    (7, 9, 1000),
    (7, 10, 1000),
	(8, 1, 1000),
    (8, 2, 1000),
    (8 ,3, 1000),
    (8, 4, 1000),
    (8, 5, 1000),
    (8, 6, 1000),
    (8, 7, 1000),
    (8, 8, 1000),
    (8, 9, 1000),
    (8, 10, 1000),
	(9, 1, 1000),
    (9, 2, 1000),
    (9, 3, 1000),
    (9, 4, 1000),
    (9, 5, 1000),
    (9, 6, 1000),
    (9, 7, 1000),
    (9, 8, 1000),
    (9, 9, 1000),
    (9, 10, 1000),
	(10, 1, 1000),
    (10, 2, 1000),
    (10, 3, 1000),
    (10, 4, 1000),
    (10, 5, 1000),
    (10, 6, 1000),
    (10, 7, 1000),
    (10, 8, 1000),
    (10, 9, 1000),
    (10, 10, 1000),
	(11, 1, 1000),
    (11, 2, 1000),
    (11, 3, 1000),
    (11, 4, 1000),
    (11, 5, 1000),
    (11, 6, 1000),
    (11, 7, 1000),
    (11, 8, 1000),
    (11, 9, 1000),
    (11, 10, 1000),
	(12, 1, 1000),
    (12, 2, 1000),
    (12 ,3, 1000),
    (12, 4, 1000),
    (12, 5, 1000),
    (12, 6, 1000),
    (12, 7, 1000),
    (12, 8, 1000),
    (12, 9, 1000),
    (12, 10, 1000),
	(13, 1, 1000),
    (13, 2, 1000),
    (13 ,3, 1000),
    (13, 4, 1000),
    (13, 5, 1000),
    (13, 6, 1000),
    (13, 7, 1000),
    (13, 8, 1000),
    (13, 9, 1000),
    (13, 10, 1000),
	(14, 1, 1000),
    (14, 2, 1000),
    (14 ,3, 1000),
    (14, 4, 1000),
    (14, 5, 1000),
    (14, 6, 1000),
    (14, 7, 1000),
    (14, 8, 1000),
    (14, 9, 1000),
    (14, 10, 1000),
	(15, 1, 1000),
    (15, 2, 1000),
    (15 ,3, 1000),
    (15, 4, 1000),
    (15, 5, 1000),
    (15, 6, 1000),
    (15, 7, 1000),
    (15, 8, 1000),
    (15, 9, 1000),
    (15, 10, 1000),
	(16, 1, 1000),
    (16, 2, 1000),
    (16 ,3, 1000),
    (16, 4, 1000),
    (16, 5, 1000),
    (16, 6, 1000),
    (16, 7, 1000),
    (16, 8, 1000),
    (16, 9, 1000),
    (16, 10, 1000),
	(17, 1, 1000),
    (17, 2, 1000),
    (17, 3, 1000),
    (17, 4, 1000),
    (17, 5, 1000),
    (17, 6, 1000),
    (17, 7, 1000),
    (17, 8, 1000),
    (17, 9, 1000),
    (17, 10, 1000),
	(18, 1, 1000),
    (18, 2, 1000),
    (18 ,3, 1000),
    (18, 4, 1000),
    (18, 5, 1000),
    (18, 6, 1000),
    (18, 7, 1000),
    (18, 8, 1000),
    (18, 9, 1000),
    (18, 10, 1000),
	(19, 1, 1000),
    (19, 2, 1000),
    (19, 3, 1000),
    (19, 4, 1000),
    (19, 5, 1000),
    (19, 6, 1000),
    (19, 7, 1000),
    (19, 8, 1000),
    (19, 9, 1000),
    (19, 10, 1000),
	(20, 1, 1000),
    (20, 2, 1000),
    (20, 3, 1000),
    (20, 4, 1000),
    (20, 5, 1000),
    (20, 6, 1000),
    (20, 7, 1000),
    (20, 8, 1000),
    (20, 9, 1000),
    (20, 10, 1000),
	(21, 1, 1000),
    (21, 2, 1000),
    (21, 3, 1000),
    (21, 4, 1000),
    (21, 5, 1000),
    (21, 6, 1500),
    (21, 7, 1000),
    (21, 8, 1000),
    (21, 9, 1000),
    (21, 10, 1000),
	(22, 1, 1000),
    (22, 2, 1000),
    (22, 3, 1000),
    (22, 4, 1000),
    (22, 5, 1000),
    (22, 6, 1000),
    (22, 7, 1000),
    (22, 8, 1000),
    (22, 9, 1000),
    (22, 10, 1000);

INSERT INTO SP_NL (MaSP, MaNL, SoLuong)
VALUES
    (1, 1, 1),
    (1, 2, 2),
    (1, 3, 1),
    (1, 4, 1),
    (2, 5, 1),
    (2, 6, 1),
    (2, 7, 1),
    (2, 8, 2),
	(3, 9, 2),
    (3, 10, 1),
    (3, 11, 1),
	(4, 1, 1),
    (4, 5, 1),
    (4, 12, 1),
    (4, 13, 1),
	(5, 14, 1),
    (5, 15, 2),
    (5, 13, 1),
	(6, 16, 2),
    (6, 7, 1),
    (6, 17, 1),
    (6, 6, 1),
    (6, 18, 2),
    (6, 19, 3),
    (6, 15, 1),
    (6, 20, 1),
	(6, 21, 2),
    (6, 22, 1);